Name;Version;SPDX short identifier;License
alabaster;1.0.0;BSD-3-Clause;BSD License
annotated-types;0.7.0;MIT;MIT License
argparse-addons;0.12.0;MIT;MIT License
ast_serialize;0.6.0;MIT;MIT License
astroid;4.0.4;LGPL-2.1;GNU Lesser General Public License v2 (LGPLv2)
attrs;26.1.0;MIT;MIT License
babel;2.18.0;BSD-3-Clause;BSD License
bitstruct;8.22.1;MIT;MIT License
build;1.5.0;MIT;MIT License
cantools;42.0.3;MIT;MIT License
certifi;2026.6.17;MPL-2.0;Mozilla Public License 2.0 (MPL 2.0)
cfgv;3.5.0;MIT;MIT License
charset-normalizer;3.4.9;MIT;MIT License
clang-format;22.1.5;Apache-2.0;Apache Software License
click;8.4.2;BSD-3-Clause;BSD License
colorama;0.4.6;BSD 3-Clause;BSD License
colorlog;6.10.1;MIT;MIT License
contourpy;1.3.3;BSD 3-Clause;BSD License
coverage;7.15.0;Apache-2.0;Apache Software License
crccheck;1.3.1;MIT;MIT License
cycler;0.12.1;BSD 3-Clause;BSD License
dill;0.4.1;BSD-3-Clause;BSD License
distlib;0.4.3;PSF-2.0;Python Software Foundation License
docopt;0.6.2;MIT;MIT License
docutils;0.22.4;BSD-2-Clause,GPL-3.0-or-later,ZPL - 2.1;BSD License, GNU General Public License (GPL), Public Domain, Python Software Foundation License
filelock;3.29.7;MIT;MIT License
fonttools;4.63.0;MIT;MIT License
gcovr;8.6;BSD 3-Clause;BSD License
gitdb;4.0.12;BSD 3-Clause;BSD License
GitPython;3.1.50;BSD-3-Clause;BSD License
hatchling;1.31.0;MIT;MIT License
identify;2.6.19;MIT;MIT License
idna;3.18;BSD-3-Clause;BSD License
imagesize;2.0.0;MIT;MIT License
isort;8.0.1;MIT;MIT License
Jinja2;3.1.6;BSD-3-Clause;BSD License
joblib;1.5.3;BSD-3-Clause;BSD License
jsonschema;4.26.0;MIT; MIT License
jsonschema-specifications;2025.9.1;MIT; MIT License
kiwisolver;1.5.0;BSD-3-Clause;BSD License
latexcodec;3.0.1;MIT;MIT License
lauterbach-trace32-rcl;1.1.6;MIT; MIT License
librt;0.13.0;MIT;MIT License
lxml;6.1.1;BSD-3-Clause;BSD License
MarkupSafe;3.0.3;BSD-3-Clause;BSD License
matplotlib;3.11.0;\-;Python Software Foundation License
mccabe;0.7.0;MIT;MIT License
mypy;2.2.0;MIT;MIT License
mypy_extensions;1.1.0;MIT;MIT License
nodeenv;1.10.0;BSD-3-Clause;BSD License
numpy;2.5.1;BSD-3-Clause;BSD License
packaging;26.2;Apache-2.0, BSD-2-Clause;Apache Software License, BSD License
paho-mqtt;2.1.0;EPL-2.0, BSD-3-Clause;Eclipse Public License 2.0, BSD-3-Clause
pandas;3.0.3;BSD-3-Clause;BSD-3-Clause License
pandas-stubs;3.0.3.260530;BSD-3-Clause;BSD License
pathspec;1.1.1;MPL-2.0;Mozilla Public License 2.0 (MPL 2.0)
pillow;12.3.0;HPND;Historical Permission Notice and Disclaimer (HPND)
pipdeptree;3.1.1;MIT;MIT License
platformdirs;4.10.0;MIT;MIT License
pluggy;1.6.0;MIT;MIT License
pre_commit;4.6.0;MIT;MIT License
pyarrow;24.0.0;Apache-2.0; Apache Software License
pybtex;0.26.1;MIT;MIT License
pybtex-docutils;1.0.3;MIT;MIT License
pydantic;2.13.4;MIT;MIT License
pydantic_core;2.46.4;MIT;MIT License
Pygments;2.20.0;BSD-2-Clause;BSD License
pykwalify;1.8.0;MIT;MIT License
pylint;4.0.6;GPL-2.0;GNU General Public License v2 (GPLv2)
pymodbus;3.4.0;BSD-3-Clause;BSD License
pyparsing;3.3.2;MIT;MIT License
pyproject_hooks;1.2.0;MIT;MIT License
pyright;1.1.411;MIT;MIT License
pyrsistent;0.20.0;MIT;MIT License
pyserial;3.5;BSD-3-Clause;BSD License
python-can;4.6.1;LGPL-3.0-only;GNU Lesser General Public License v3 (LGPLv3)
python-dateutil;2.9.0.post0;Apache-2.0, BSD-3-Clause;Apache Software License, BSD License
python-discovery;1.4.3;MIT;MIT License
pytz;2026.2;MIT; MIT License
PyVISA;1.16.2;MIT; MIT License
pywin32;312;\-;Python Software Foundation License
PyYAML;6.0.3;MIT;MIT License
referencing;0.37.0;MIT;MIT License
requests;2.34.2;Apache-2.0;Apache Software License
roman-numerals;4.1.0;0BSD;CC0 1.0 Universal (CC0 1.0) Public Domain Dedication, Zero-Clause BSD (0BSD)
roman-numerals-py;4.1.0;0BSD;CC0 1.0 Universal (CC0 1.0) Public Domain Dedication, Zero-Clause BSD (0BSD)
rpds-py;2026.6.3;MIT;MIT License
RsInstrument;1.124.0;MIT;MIT License
ruamel.yaml;0.19.1;MIT;MIT License
ruamel.yaml.clib;0.2.15;MIT;MIT License
ruff;0.15.20;MIT;MIT License
SciencePlots;2.2.2;MIT;MIT License
scipy;1.18.0;BSD-3-Clause;BSD License
setuptools;83.0.0;MIT;MIT License
six;1.17.0;MIT;MIT License
smmap;5.0.3;BSD-3-Clause;BSD License
snowballstemmer;3.1.1;BSD-3-Clause;BSD License
Sphinx;9.1.0;BSD-2-Clause;BSD License
sphinx-rtd-theme;3.1.0;MIT;MIT License
sphinx-tabs;3.5.0;MIT;MIT License
sphinxcontrib-applehelp;2.0.0;BSD-2-Clause;BSD License
sphinxcontrib-bibtex;2.7.0;BSD-2-Clause;BSD License
sphinxcontrib-devhelp;2.0.0;BSD-2-Clause;BSD License
sphinxcontrib-htmlhelp;2.1.0;BSD-2-Clause;BSD License
sphinxcontrib-jquery;4.1;BSD;BSD License
sphinxcontrib-jsmath;1.0.1;BSD-2-Clause;BSD License
sphinxcontrib-qthelp;2.0.0;BSD-2-Clause;BSD License
sphinxcontrib-serializinghtml;2.0.0;BSD-2-Clause;BSD License
textparser;0.26.2;MIT;MIT License
tomlkit;0.15.0;MIT;MIT License
trove-classifiers;2026.6.1.19;Apache-2.0;Apache-2.0
types-colorama;0.4.15.20260508;Apache-2.0;Apache Software License (Apache-2.0 license)
types-jsonschema;4.26.0.20260518;Apache-2.0;Apache-2.0
types-pytz;2026.2.0.20260518;Apache-2.0;Apache-2.0
types-PyYAML;6.0.12.20260518;Apache-2.0;Apache Software License
typing-inspection;0.4.2;MIT;MIT License
typing_extensions;4.16.0;\-;Python Software Foundation License
tzdata;2026.2;Apache-2.0;Apache Software License
uptime;3.0.1;BSD-2-Clause;BSD License
urllib3;2.7.0;MIT;MIT License
virtualenv;21.6.0;MIT;MIT License
wrapt;1.17.3;BSD-2-Clause;BSD License
